{"cameraMode":{"drawMode":0,"name":"Shaded","section":"Shading Mode"},"sceneLighting":true,"audioPlay":false,"sceneViewState":{"m_AlwaysRefresh":false,"showFog":true,"showSkybox":false,"showFlares":true,"showImageEffects":true,"showParticleSystems":true,"showVisualEffectGraphs":true,"m_FxEnabled":false},"in2DMode":false,"pivot":{"x":-0.07481882721185684,"y":3.5940780639648439,"z":-10.259262084960938},"rotation":{"x":0.10523942112922669,"y":-0.11993423849344254,"z":0.012777953408658505,"w":0.9871264100074768},"size":0.7308423519134522,"orthographic":false}